mouseX,mouseY,randomNumber,millis
569,32,133.9771,3538
78,39,122.95158,6970
562,322,71.15793,9059
407,321,6.9208503,9386
387,254,131.82823,9669
462,186,4.026675,9987
499,216,31.357979,10290
13,381,197.3962,14665
