mouseX,mouseY,randomNumber
13,14,181.39249
391,202,65.27839
158,324,171.96822
